45.366835,10.861195,15.024818,73.225201,108.147428,75.599243,109.03485,74.805997,145.015223,105.331681,84.168109,109.949691,79.870481,107.034776,59.895459,0.000000
46.616546,11.859493,17.16944,61.469139,122.91041,71.936331,87.43863,97.438361,143.040087,87.499904,102.894932,106.605518,58.498177,130.392895,53.658007,0.000000
41.462166,17.387932,13.123953,36.580069,135.243522,131.081904,41.738772,138.717864,160.935715,46.591942,143.187364,120.637289,40.46925,156.22538,54.107743,0.000000
42.560022,17.181506,12.8467,37.496594,134.174445,126.818613,45.430025,135.511577,157.756212,50.277895,140.096759,114.438288,42.337383,155.667841,53.106222,0.000000
41.667711,12.85863,9.015199,26.998309,145.864447,70.754781,38.662169,139.551033,115.704211,51.56032,134.390865,105.608744,45.088291,143.985072,62.266831,0.000000
41.894527,17.549486,15.604115,33.27167,143.560801,24.138941,42.028626,140.949542,129.424352,49.446982,141.754387,87.034752,32.406119,161.84759,46.357606,0.000000
40.601956,15.153009,15.562127,33.173799,144.335823,26.534174,41.90597,141.24184,134.207553,46.225839,145.255579,89.767745,30.98788,164.968249,45.077906,0.000000
35.266499,15.333184,12.606911,34.780937,144.701483,7.128684,33.385783,148.774744,20.579317,31.423785,158.932543,27.746685,22.755089,163.714867,19.766683,0.000000
30.436119,15.609676,4.35823,32.504106,148.229739,8.15714,31.092727,151.100141,20.292394,29.907828,160.891008,26.740568,25.085037,159.174305,20.748207,0.000000
31.299567,16.783222,4.41908,32.232656,147.564497,8.261585,30.936724,150.845527,20.521199,29.859585,160.822971,26.781374,25.637488,159.887555,21.138463,0.000000
50.335947,16.241367,7.406231,35.900481,133.043374,17.749019,50.011028,126.653106,52.614493,57.840729,128.780941,55.816647,87.572722,100.331232,54.090123,0.000000
41.827726,15.558408,5.86315,35.217553,135.116121,12.575498,46.288515,130.053075,48.922749,57.657396,128.799126,58.35845,82.695249,105.589982,54.469946,0.000000
42.509168,14.972757,7.333944,37.009504,131.94459,14.674168,52.274356,124.517799,49.735159,60.875463,126.147378,56.652684,83.136735,104.464146,51.82744,0.000000
42.803999,13.823676,7.246149,38.033524,130.706716,17.165989,56.341243,121.738626,55.802296,62.831205,125.013429,57.46541,86.720761,102.15727,54.842155,0.000000
51.399631,17.040033,13.257433,49.161858,118.464325,18.775931,67.217212,109.318127,68.932434,72.894804,114.457016,66.156704,89.944478,97.294288,60.688805,0.000000
49.904478,21.367932,9.647773,41.879417,125.442419,17.374359,57.167239,119.652906,57.842747,63.304241,123.785805,62.705431,78.866657,109.537045,50.3746,0.000000
53.546844,22.734251,12.162151,35.639024,146.812701,7.018193,34.930184,146.159373,60.580989,41.94634,145.358473,68.676489,36.193394,153.139736,45.172069,0.000000
54.136874,22.609387,11.132026,36.367074,147.533052,6.34007,34.38844,147.577159,61.776793,41.889916,145.729439,68.252359,34.199382,154.938732,41.079045,0.000000
46.941277,18.456232,11.700411,36.396601,142.246909,12.607513,39.675354,142.68741,91.641467,47.769466,140.154933,81.849765,41.880253,146.699358,52.388084,0.000000
45.768291,19.896192,12.281782,36.796039,143.929253,15.595253,39.225379,145.363346,119.70058,48.474432,140.730126,96.221581,43.369151,145.474639,59.881639,0.000000
56.231516,23.700176,12.56251,35.164125,146.558651,12.3718,34.271382,149.490952,103.868723,41.547132,146.81201,80.236824,42.897493,146.954475,51.691602,0.000000
57.712163,23.65327,11.304895,34.850754,147.086501,12.871224,34.051028,149.706047,104.422335,41.735306,146.781821,80.207417,43.160817,146.629171,52.316208,0.000000


30.874347,46.414721,39.079688,18.924264,9.879257,3.450411,8.36651,8.860056,1.31063,0.642643,4.18283,0.475619,11.714827,2.075555,0.838406,1.000000
39.01588,44.982,38.532505,16.979369,6.168859,4.021351,6.675919,5.520605,2.921522,1.080353,2.516301,2.418977,11.662504,3.036738,1.591243,1.000000
27.325774,54.368171,24.150861,18.992475,9.306208,3.829749,8.450613,7.754923,3.82618,3.243778,5.391609,5.050227,7.029856,2.462018,5.213557,1.000000
29.714634,51.794831,38.940853,17.505824,7.82668,3.835902,8.124379,8.533135,4.789572,2.31181,5.984359,5.702637,8.577609,2.511697,5.278756,1.000000
30.764586,40.556708,28.054931,17.343183,8.537533,3.929023,8.068233,6.793872,1.316983,1.017319,2.763228,0.563679,8.670234,4.131696,1.117884,1.000000
34.052077,39.994473,29.622673,18.035567,7.388599,2.284105,7.77155,7.146708,0.47787,0.755291,2.734941,0.190058,8.16065,3.032451,2.5211,1.000000
32.125803,47.196411,26.640908,17.697643,6.706435,2.821721,5.674913,6.801435,1.394236,2.703781,1.740455,1.041136,11.306661,4.541298,1.709565,1.000000
31.358651,45.102758,42.391904,20.031911,6.256561,2.622027,9.134725,5.829604,1.1586,0.787368,3.761985,1.438294,11.973614,2.780233,0.234747,1.000000
31.396342,45.683105,42.955375,19.064184,6.8067,2.924762,8.472024,6.020907,1.339204,0.449537,3.495351,1.257019,11.437923,2.026426,0.360304,1.000000

12.872723,26.179367,12.970511,16.294754,22.686548,16.534425,16.490233,32.278579,25.819112,15.439296,30.221944,20.128957,14.094731,16.247172,11.053492,2.000000
12.484657,25.775978,11.790319,17.145974,24.043615,18.287572,16.995939,34.010243,27.160085,15.025829,31.618224,21.387471,13.941451,16.230221,11.573377,2.000000
22.553497,25.153506,15.405264,19.158318,24.541152,12.463186,17.703073,34.9726,22.351378,15.630896,38.103077,20.397515,18.296075,20.723414,15.433471,2.000000
23.309138,25.35533,15.764837,19.575865,23.838931,13.263129,17.693878,33.933149,22.019291,15.477746,37.030352,20.158851,18.476392,21.011692,15.228602,2.000000
24.379425,22.219402,5.62418,16.016939,30.842053,21.546767,12.52878,48.56176,33.652146,11.703307,55.09819,25.851555,21.437047,36.806921,23.916286,2.000000
15.813165,24.041052,3.974058,16.440477,17.886871,12.722137,8.906944,25.05012,20.603834,8.434438,21.959368,18.471639,17.26602,11.774185,10.26167,2.000000
16.227953,23.717483,3.353343,16.710636,17.559627,13.249758,9.308314,25.456766,21.431327,8.502705,22.647967,19.844314,17.279956,12.283296,11.301617,2.000000
18.02746,17.843876,4.463664,14.793127,63.418731,25.10611,8.504125,78.287214,28.611027,9.929734,72.934502,25.059466,25.697619,38.053098,15.75473,2.000000
22.427089,20.01013,7.160723,16.119394,29.044166,22.072362,12.848289,43.611907,31.227627,15.841128,45.937794,22.280676,28.160624,25.31188,16.776764,2.000000

24.650981,33.727996,30.377167,10.967406,1.648767,4.584388,62.526566,98.417522,13.676184,73.78124,100.691891,16.501244,59.353795,120.181397,16.442127,3.000000
32.50687,33.763969,49.402225,10.182512,1.310854,1.832834,53.980782,124.905968,9.394517,107.944451,58.906243,12.877506,89.809171,70.135424,7.275616,3.000000
33.947833,32.039196,51.107023,10.342132,1.774663,1.891269,67.36617,110.709619,11.050576,112.48113,52.62397,14.866254,91.203915,63.471005,8.239115,3.000000
20.881343,30.015712,49.403629,10.664331,1.450244,3.233336,24.323495,144.700255,11.662711,38.383316,138.635569,15.299477,25.785639,148.73132,13.029652,3.000000
20.916467,29.934568,49.757065,10.246033,1.704426,3.406123,24.158981,144.614922,11.827886,39.392778,137.076412,15.73104,26.366981,148.049533,13.412174,3.000000
21.488079,30.399501,49.996129,10.114756,1.252569,2.925874,24.350248,143.985633,12.484389,40.999487,134.78027,16.410162,29.394906,144.753525,13.497679,3.000000
21.568866,37.351721,31.108389,6.331709,3.721868,4.530658,7.787611,156.812135,9.48311,27.027858,135.55567,20.544023,37.418303,128.899889,16.960912,3.000000
21.391866,37.203998,32.042817,6.62938,4.144021,4.83868,9.604219,154.403205,10.696501,31.205758,132.568506,21.577809,40.950311,127.887953,16.711144,3.000000
21.272476,40.422827,35.302391,6.328413,3.92014,5.681338,11.35412,152.903096,12.91157,34.520834,131.77407,22.814727,42.531689,126.89878,18.485395,3.000000
21.6805,40.925472,37.245235,6.864755,3.845979,5.633913,13.887215,147.885003,14.4851,38.180911,125.533757,25.155679,46.063239,123.776857,19.364147,3.000000
26.744583,26.895312,32.503041,17.93701,3.022121,2.397974,31.113754,142.811695,26.023767,19.694377,146.302881,22.180016,15.870612,146.877867,11.85306,3.000000
26.71059,26.74298,33.027157,17.816409,2.946481,2.33246,30.965883,142.921625,26.052437,19.670126,146.564899,21.90136,15.739427,146.785706,11.681088,3.000000
25.893264,33.291264,40.057821,12.043875,2.403382,2.147044,26.066775,139.967509,13.406677,30.059328,145.009016,13.995315,13.797407,155.841591,15.547263,3.000000
26.530915,32.916717,41.33774,12.009467,2.126822,2.306559,26.049329,139.907397,13.661267,29.97599,144.773666,14.217349,14.140272,154.236278,16.902331,3.000000
25.622121,33.084224,41.911701,11.920377,2.749574,1.883913,25.477641,140.323241,13.245463,29.577201,145.136991,13.769674,13.895457,153.076987,17.236144,3.000000

40.224869,48.286629,59.083629,21.679243,146.768814,10.464911,13.048051,165.165444,6.497666,3.582523,174.051561,4.067731,12.945177,150.063039,19.778386,4.000000
39.474395,47.742532,57.883955,21.61609,145.916103,10.702741,12.48572,165.22514,6.082258,3.245214,174.784382,3.394182,13.736184,149.987563,18.918584,4.000000
39.933062,47.806987,59.775569,21.718973,145.658927,10.744716,12.72093,164.75377,6.246392,3.313501,174.214453,3.72201,13.492379,149.421021,20.091161,4.000000
18.895375,45.585481,90.921269,24.370988,144.795396,4.876735,17.680244,159.165077,7.026797,10.67442,171.290814,10.313311,13.97356,151.881165,18.232836,4.000000
19.974382,45.664135,90.912414,24.016381,145.073906,5.886352,17.378015,159.597302,8.061777,10.147111,171.071762,11.10469,13.637561,150.87997,19.598788,4.000000
18.961156,45.644631,91.951987,24.991237,143.99801,5.225635,17.874923,158.926698,5.324288,10.418828,171.629479,9.872996,13.563726,150.812757,18.252444,4.000000
36.029561,41.816781,91.767451,19.687073,138.74068,24.845896,14.810148,150.898187,27.538587,8.034399,151.178107,32.059705,11.572025,109.825413,64.716997,4.000000
35.476003,42.086037,91.194427,19.960419,138.848988,25.1734,14.781909,150.605569,28.359821,7.972118,150.553815,32.916,11.735747,107.119073,67.467845,4.000000
30.99423,46.353689,79.756569,18.892454,146.276698,13.315631,12.869718,159.536613,15.881121,4.579835,164.774789,16.706803,14.890412,137.542282,33.249527,4.000000
32.496655,46.120587,80.01869,18.585834,147.171006,14.252742,12.820105,160.027469,17.716006,4.950333,164.345205,17.817704,15.915116,136.247809,34.967569,4.000000
31.796184,45.885836,74.751822,21.106169,147.538796,8.19557,14.938745,158.199989,10.583216,6.626781,166.800617,9.062927,10.785793,150.111111,21.724783,4.000000
32.592814,45.665472,75.519615,20.465275,147.931002,10.543006,14.264946,158.982073,12.438348,5.662934,166.452838,12.200961,12.930167,142.234674,29.293117,4.000000
32.912534,46.005359,75.780425,20.429057,148.44854,8.951735,14.094959,159.833852,10.749688,5.277138,167.964149,11.099723,13.433699,141.902612,28.555577,4.000000

32.371985,27.215456,40.484816,24.914718,109.820476,22.37423,8.435101,7.934711,3.2728,6.76333,6.448011,5.459908,10.857949,7.263153,3.296271,5.000000
29.474151,28.688944,30.345432,58.338981,82.220535,22.66782,4.959599,3.634437,1.339787,2.051883,4.308794,5.587595,3.289011,9.388787,4.656491,5.000000
30.516465,27.939585,34.058531,60.161638,84.407961,23.600377,4.802613,3.898879,1.068518,0.873236,4.296125,5.239404,2.622002,9.010172,4.210234,5.000000
23.210287,18.589557,62.139261,30.115272,107.234814,19.035622,4.734792,4.427759,4.761749,3.294573,4.662882,5.688235,6.421662,4.420409,4.386393,5.000000
23.563311,16.830339,64.051137,31.447507,106.67361,18.499635,4.883463,4.389496,4.759554,3.381984,4.223979,5.802121,6.085154,4.583367,4.554478,5.000000
22.571579,22.804029,20.895013,32.783625,101.643379,26.65462,1.657196,5.998968,2.803718,8.622976,1.369788,4.830664,11.388655,4.798147,3.042566,5.000000
22.23057,22.464295,24.318773,32.634171,99.845215,27.752957,2.420048,7.589595,3.161976,8.257078,2.223378,4.775813,11.571921,5.048773,3.085341,5.000000
40.848172,23.627135,77.168447,37.531695,105.386253,18.272364,10.219597,4.586643,3.25614,6.881082,3.656912,4.645265,5.16462,9.65095,3.683109,5.000000
41.915966,24.118687,75.498917,36.896462,105.782061,18.097231,9.59491,4.369784,3.261054,6.694479,3.850318,4.708464,5.131717,9.439867,3.582292,5.000000
27.640863,16.972097,44.614108,27.482773,107.749386,25.892405,7.908332,4.714993,3.129369,5.270262,4.739731,4.87023,7.257966,8.278335,1.59226,5.000000
27.25621,16.508597,43.252882,27.512358,106.214284,26.310449,7.728953,4.73551,2.90335,5.218532,4.37212,4.632654,7.24718,8.147904,1.61854,5.000000

20.341876,19.199238,17.81361,62.017704,4.947079,5.092486,104.45984,82.640416,61.643652,121.55705,79.649326,77.750369,124.817168,73.09889,83.768022,6.000000
23.008586,9.598306,20.099085,47.689555,0.772179,2.508065,110.787036,72.645399,70.123527,117.636235,81.586012,67.121869,113.63129,80.904776,70.025984,6.000000
22.964799,9.743159,21.611415,47.357783,1.371442,2.337879,109.685125,73.207189,69.777263,116.749429,81.869607,68.40756,113.170187,80.849843,70.769519,6.000000
21.461105,21.371594,24.156025,70.260686,8.746304,9.782613,100.96163,87.800661,67.304134,112.768092,84.209008,78.006422,113.416794,76.222765,80.06821,6.000000
21.422692,22.007512,24.46155,70.579567,8.87242,8.768816,101.19552,88.361803,64.486765,113.673681,83.750742,78.166085,114.545369,76.064099,82.358906,6.000000
16.531592,22.922557,12.835189,68.105263,5.118572,4.752472,106.036849,82.003408,72.758533,118.146958,81.633785,81.672921,116.915935,77.402028,81.043689,6.000000
17.046904,22.449914,13.749916,68.398967,5.259724,4.382597,105.575432,82.167774,72.35099,117.073487,81.956655,80.527346,115.389408,77.087004,80.11892,6.000000
18.265486,22.647089,25.402897,71.330596,7.79713,7.094985,102.916963,86.082203,69.599795,115.801733,80.401136,83.239506,115.965721,74.053451,83.843281,6.000000
18.040115,20.820339,17.21203,75.025475,6.409461,10.28222,101.434425,88.743093,69.316591,115.160185,84.29383,78.172591,116.521702,73.611238,80.271341,6.000000
17.449784,20.899598,13.313972,72.988018,6.289694,3.745965,102.677516,87.184152,64.586949,113.204454,86.312588,72.583153,115.056698,77.934601,74.201456,6.000000
18.64344,20.969254,18.187039,65.542154,4.098893,1.707509,100.6492,87.363411,68.865549,115.609763,83.443207,79.988055,119.133204,74.803089,82.500624,6.000000
19.617791,21.536722,17.302131,66.501595,3.079825,2.057292,99.533277,88.770206,70.328666,113.605235,84.066466,80.40746,116.829918,74.428129,83.094753,6.000000
16.606412,20.945691,9.777705,69.57353,7.580042,3.449275,101.338595,87.551593,70.679146,112.137195,83.396565,80.472137,113.50576,78.754627,80.310583,6.000000
18.089325,16.637007,15.655349,76.380614,5.184663,5.612976,95.760438,93.311139,76.88082,106.970975,91.481341,75.644505,110.839369,85.680653,75.638057,6.000000
22.285665,26.245202,17.940761,76.248888,8.833609,2.394569,96.84819,92.915218,50.403504,104.658052,92.112483,61.478629,105.046473,87.403755,60.635485,6.000000

36.673588,45.614128,13.097914,61.827113,10.946947,3.978576,55.078414,6.786043,2.299534,47.476965,148.161415,23.908057,42.859422,125.663815,27.33071,7.000000
35.556958,45.020061,13.164434,61.092697,8.179289,3.54914,53.612637,7.088405,2.315498,46.421665,150.847183,21.877189,41.989052,132.104901,23.247327,7.000000
36.692683,44.30047,10.394047,60.546346,8.084182,3.499024,52.840247,7.264095,2.767456,46.044975,149.298136,21.905488,42.433888,130.376048,23.063516,7.000000
43.202078,48.537404,8.780798,73.801792,9.628434,2.303788,69.334204,6.406496,4.474973,59.039473,145.009231,27.296692,48.305896,133.898448,26.727386,7.000000
44.880222,49.301723,7.582487,73.321505,9.188841,2.356097,68.356586,5.478925,3.964146,58.889993,146.627956,27.151586,47.199954,135.937324,26.308616,7.000000
44.150756,48.578646,8.770886,74.384089,8.62014,2.380223,68.80743,5.400217,3.97812,57.421201,146.925547,26.342322,46.652559,133.956527,26.662937,7.000000
29.729535,34.983196,7.891919,48.75512,4.447184,4.041279,40.814406,5.344679,0.598803,36.641484,156.980533,17.397622,37.796815,141.006331,17.999165,7.000000
28.332904,32.275853,9.811783,48.031906,4.181638,4.039766,40.08298,5.131508,0.22514,35.591898,157.156375,17.008194,37.056187,140.996296,17.976334,7.000000
37.586903,45.817211,29.666131,57.898947,6.435901,2.930636,48.571943,7.164172,3.14392,42.185984,157.289459,12.339858,31.819908,144.855046,15.401492,7.000000
37.546295,45.692836,29.935972,58.287821,6.92313,2.824454,49.215719,7.175143,2.746284,43.393022,155.867193,12.633725,31.114479,144.011576,15.678866,7.000000
37.546614,44.75548,28.883379,58.244621,6.89815,2.912935,48.757419,6.836615,1.814979,42.023513,157.409801,12.016544,30.661795,144.563365,15.900433,7.000000
28.187876,37.613407,31.455622,52.909165,7.120186,3.845461,43.269862,6.130767,2.526452,33.172006,158.165415,10.634028,28.152921,145.587726,13.477021,7.000000
28.476442,37.472568,31.379903,53.762848,7.122108,4.310136,43.626092,5.695339,2.371083,32.759647,158.542575,10.093967,29.881546,144.070038,14.238281,7.000000
29.561837,37.688308,27.885865,52.965514,7.267044,3.769624,43.114331,5.6075,3.191246,32.718876,158.306263,9.51639,30.328145,141.660541,14.802342,7.000000
25.173027,34.354492,25.353025,48.78513,8.722054,3.514331,39.509737,5.672435,2.466984,28.028585,160.223974,8.269886,30.75356,141.968599,15.52554,7.000000
25.588491,33.814901,24.531371,49.014798,9.189395,3.428998,39.904149,5.777485,2.360144,28.390747,159.703424,8.739266,31.533341,142.037576,15.172306,7.000000
24.487664,33.823716,24.161703,47.84813,8.987359,3.305943,38.816689,5.561997,2.766914,27.725279,157.706212,9.767353,31.063063,139.245875,17.282265,7.000000
24.06588,31.965318,24.665966,46.968875,9.079054,3.193256,38.271558,5.113069,2.32862,26.988735,157.504693,9.539611,31.268659,139.428686,16.425402,7.000000
30.242861,38.762017,27.427781,55.187748,8.824194,3.328125,46.966622,5.653133,1.972871,35.718223,155.972125,12.104023,31.638344,138.598784,18.094992,7.000000
31.026084,40.255905,31.08796,55.240528,7.335338,2.62235,46.168548,5.444329,3.832279,36.306386,158.892528,11.335807,32.284167,139.618414,18.756221,7.000000
31.46114,40.293269,29.707471,55.274175,8.044105,2.873254,46.370379,5.67765,3.950997,36.018092,156.017832,12.247433,33.501679,137.516381,19.26616,7.000000
38.965513,46.313857,27.20697,63.043614,10.239781,2.43354,53.566121,4.805546,5.347338,40.036148,152.738812,14.312474,37.001702,121.853564,25.310061,7.000000
39.538729,46.069487,27.359013,63.976669,10.290261,2.757804,54.064705,4.439611,4.799137,39.215445,150.950239,15.8319,37.491888,118.719938,25.312886,7.000000
36.823558,44.207337,29.46445,64.019536,10.72754,2.502091,55.083388,4.217022,4.007324,39.41725,151.200011,16.789085,36.38699,120.235261,24.989474,7.000000
37.480088,47.204445,29.094117,69.059527,8.827432,6.034298,59.203189,5.154929,4.510711,38.273891,148.950139,23.146868,39.519499,123.344497,25.849491,7.000000
39.287876,44.448196,22.584702,71.467896,9.235772,6.409703,59.557721,6.352097,4.446488,37.036293,140.051156,27.98887,40.893407,115.667023,27.446139,7.000000
39.35806,44.351181,21.110043,71.974474,9.056692,6.785022,59.728859,6.71678,4.28731,37.458257,140.230904,27.047616,40.683647,115.614231,26.511721,7.000000
38.92487,44.327919,22.359065,71.712071,9.161607,6.739146,59.891483,6.557031,4.173032,37.571508,141.220503,26.441214,40.203189,117.219473,26.696668,7.000000
41.141099,46.705316,20.666884,63.764831,10.698386,2.076546,60.045509,6.261402,3.545148,46.354504,159.271497,14.556214,36.887963,128.08635,24.721623,7.000000
40.62085,46.763911,20.4339,63.460133,11.521384,2.334861,59.277485,6.800474,3.180128,44.65209,158.732229,14.687176,36.963385,125.619028,26.282162,7.000000
41.177911,47.632143,20.436433,63.574073,11.33803,2.00843,59.039228,6.398438,3.760536,44.877275,155.69239,16.640051,37.68579,125.596965,25.777498,7.000000

21.837003,35.778382,79.432462,80.07855,81.727258,19.596588,100.070414,67.47555,12.053428,87.076621,82.695226,13.707015,3.462629,8.574799,6.396092,8.000000
25.330381,27.56839,28.735691,37.387961,121.158005,24.408569,40.001528,120.063609,20.292351,30.759244,133.667772,18.177671,22.073996,7.324503,2.556936,8.000000
24.899407,26.354235,24.135463,32.487021,129.94285,20.776038,35.47647,125.037669,18.604952,32.69968,132.151433,16.831379,20.461134,5.742946,1.284163,8.000000
31.197442,19.158485,37.518449,34.053055,165.248162,5.766229,17.358406,155.912255,13.475363,10.681895,162.540996,12.045718,24.316471,4.100192,4.497475,8.000000
29.380443,20.349116,39.321487,35.124256,160.577327,8.052853,18.301122,154.592502,13.959678,9.621877,163.248753,11.440823,23.502566,4.708793,4.608353,8.000000
29.49884,20.02217,41.152097,34.583365,161.889588,6.893397,18.563528,153.895183,14.531662,10.844674,161.60971,12.690217,23.471582,4.492796,4.814944,8.000000
34.335618,36.804713,39.373206,20.268322,170.639713,11.226992,18.473513,150.770307,15.116084,28.279969,145.507559,17.449414,29.536047,3.59327,2.1202,8.000000
34.329151,33.020903,25.951453,18.348823,173.908621,10.383575,21.086733,147.357859,16.373165,31.762896,144.361487,19.018271,28.46218,2.670615,1.796303,8.000000
36.038802,32.844737,35.352148,18.887543,170.384976,10.868951,24.21336,142.713872,19.438474,32.031868,141.373483,21.447026,26.207021,4.348828,3.090232,8.000000
34.371297,33.316547,45.189153,13.03413,168.178242,12.503344,27.692082,141.145638,20.530498,35.585038,139.304875,21.593687,27.990945,2.960958,3.129383,8.000000
27.720222,18.818272,47.536648,47.26793,126.55103,14.115598,36.291708,129.146567,17.7496,21.642628,140.684259,23.094353,18.953316,6.581566,4.652995,8.000000
29.20857,20.300427,50.306484,48.533619,133.121102,15.119578,38.213946,129.314802,20.402336,22.753459,139.562581,24.491548,19.744546,7.774188,3.847404,8.000000
30.095935,19.346268,50.516273,50.06017,131.979082,15.224588,40.107119,127.654252,21.161602,23.089022,139.971154,25.096432,18.740737,7.936085,3.752027,8.000000
32.82669,19.574811,44.027517,42.543436,122.038794,9.494389,66.477451,103.07755,11.186729,57.091285,119.046907,13.673528,15.330042,11.244853,8.851405,8.000000
34.86881,19.010996,42.376608,42.64675,122.1526,9.812858,67.073013,102.606544,11.24887,55.834125,120.302417,13.812042,15.842061,11.05175,9.086883,8.000000
34.181141,19.425825,43.413528,44.601181,120.317464,10.029885,67.306109,102.693127,11.215162,57.327976,118.961484,13.973039,16.442972,11.114326,9.131876,8.000000
33.285754,16.660522,44.292868,38.679609,123.302202,9.697989,65.315557,101.998667,10.142449,54.926334,117.867865,12.802338,10.878617,11.700319,10.339253,8.000000
33.619833,16.514836,42.471831,37.881912,123.25674,10.284067,64.268509,102.66421,10.3587,54.363534,118.346581,12.877595,10.772984,11.953209,10.354772,8.000000
36.406582,23.906548,43.219131,46.72949,115.940049,12.330105,63.945534,104.306284,14.321192,54.727759,120.703826,16.497334,17.294213,11.354572,10.249233,8.000000
35.932836,24.154246,43.263476,46.605434,116.054116,12.290818,62.244561,105.685227,14.232279,52.872105,122.491631,16.272058,17.045819,11.497524,10.330199,8.000000
34.564945,25.449485,43.209188,46.090953,115.831454,12.40728,62.391854,105.04023,14.192619,54.911428,120.207636,16.778397,16.699519,11.143606,10.0704,8.000000
28.138314,31.494779,38.485877,46.72444,126.41359,33.535871,33.872892,134.057782,27.93671,18.324777,138.202987,26.934559,16.035865,6.810638,8.57019,8.000000
28.568774,32.690949,37.598195,47.164006,119.395239,35.513193,33.520641,129.373975,26.865137,16.733375,139.557642,24.503589,15.654582,6.899512,7.706823,8.000000
33.590461,29.589226,20.13777,24.326643,145.742164,8.815434,31.0063,142.004241,13.56484,30.851385,147.838204,13.443652,10.74485,10.868734,7.55384,8.000000
32.994326,29.359891,20.751541,23.955248,145.024547,9.49498,31.465477,140.479462,12.92673,30.701904,147.405354,12.986862,11.032276,10.529244,7.336198,8.000000
35.743054,28.43615,19.190314,22.944828,147.027352,8.507392,26.678739,146.509196,12.356784,27.797464,151.179727,11.43418,10.92965,10.615014,6.465784,8.000000
35.115285,27.414926,21.287062,22.463958,148.008683,8.049492,26.927305,145.591144,12.162671,29.416698,148.568615,11.988334,11.43755,10.152449,6.599842,8.000000
37.88727,35.38018,45.124298,26.592742,140.429828,9.788221,32.29869,136.288127,12.105521,30.158233,141.600915,13.215719,15.821392,7.670043,7.428279,8.000000
32.710392,38.305881,42.804723,28.912218,140.147903,9.758682,34.463024,135.818508,12.563249,33.611869,140.732605,12.692619,14.887812,8.770522,7.874515,8.000000
34.003432,35.603154,48.530601,27.053421,140.31591,10.176438,35.116288,133.874919,12.795814,34.589038,137.438034,13.576171,15.425093,8.038652,7.851,8.000000



35.601284,23.158731,7.941184,12.507733,1.713795,4.989875,13.103422,5.268666,9.568558,41.397987,133.265868,15.990811,55.871266,124.219077,15.030577,10.000000
34.781839,22.965535,7.350554,12.612483,1.388781,4.977474,13.247672,5.252394,9.300418,43.149946,131.575618,15.861825,56.034298,124.515229,14.34786,10.000000
38.085793,24.435902,8.506479,9.850817,4.275885,4.091357,12.237799,4.45409,8.344933,40.263499,129.638049,15.070025,53.743439,120.98226,12.170918,10.000000
36.991465,24.506789,8.690994,9.739938,3.769864,3.983277,11.751937,3.657827,8.298423,42.319308,127.275045,15.475147,55.605473,119.221593,12.669526,10.000000
35.48859,22.679149,4.771778,7.467797,4.340927,6.398422,18.819997,5.582139,9.48323,90.393442,84.500959,16.210043,86.934734,84.92092,17.80318,10.000000
36.35141,22.882684,3.70611,6.808139,4.698863,6.389964,17.836902,5.897461,9.344785,90.719119,83.885693,16.271336,90.112909,81.545679,17.42553,10.000000
38.777832,21.220511,3.707246,8.573879,3.194998,4.574487,11.986632,4.457201,8.721056,53.520004,115.540772,14.650622,69.586322,103.673177,11.836933,10.000000
38.987509,21.357411,4.749659,8.356933,3.114431,4.55394,11.53865,4.311862,8.835117,51.968686,117.037406,14.866843,62.359449,111.671004,12.073576,10.000000
38.443402,22.982548,2.874736,8.957443,2.944847,4.870788,11.986581,5.15703,8.994813,50.96511,120.122895,15.406026,70.988119,107.850337,12.346406,10.000000
37.610023,22.878747,4.534563,9.021288,2.695925,4.954704,12.367988,5.448143,8.893642,50.33636,120.808282,15.337088,70.086107,108.648948,12.045853,10.000000
28.398516,18.356939,15.478642,10.08498,0.617348,4.227379,13.797407,2.946054,7.967984,32.474477,138.249795,15.809182,31.620195,137.580115,10.89537,10.000000
26.920435,18.372954,15.602613,10.988917,0.408764,4.624964,13.543452,3.475036,8.141486,30.479071,139.273404,16.22565,33.191822,135.526914,12.104252,10.000000
27.275148,16.996501,13.262859,9.940594,1.17384,4.639322,12.983317,4.444027,7.654842,34.31168,134.589903,15.853313,41.11549,129.112239,11.267087,10.000000
28.671028,16.962141,13.216733,9.706302,1.295019,4.392527,12.767952,4.097418,7.417869,32.659398,136.244132,15.723848,38.755383,131.615201,11.129051,10.000000


22.83351,4.585014,16.936759,7.766033,0.710452,4.552547,48.95485,119.381088,13.974056,53.6913,121.635716,17.356359,51.817917,118.790531,17.57158,11.000000
22.990177,4.382072,17.304892,7.990022,1.006315,4.365626,50.905487,118.214216,14.438628,57.111034,119.127633,18.625354,54.573632,117.604788,19.209517,11.000000
20.85307,4.009548,14.463175,7.059634,0.791821,3.342699,51.805177,114.624904,14.187338,49.506955,125.906733,16.403659,58.17933,111.375963,18.312859,11.000000
21.198262,3.825788,14.773889,7.359372,0.720627,3.315991,52.42984,113.981786,14.09066,49.379539,126.344695,16.398754,61.710177,108.148518,18.749842,11.000000
20.7121,3.764872,15.197843,7.28945,0.586437,3.523186,52.333374,114.723655,14.444017,53.033673,122.944926,17.042404,59.232948,111.591996,18.687895,11.000000
22.042697,3.504436,15.579554,10.157345,3.054034,2.734888,59.810666,108.447129,15.125039,57.255079,119.264658,17.277405,64.788624,104.985892,20.259769,11.000000
21.348856,3.431814,14.556982,10.57933,3.184909,2.606923,62.199375,107.453858,15.8441,60.621887,116.851624,17.987554,60.362179,110.963469,20.314032,11.000000
22.814449,3.57727,15.476676,11.463305,2.744593,2.095319,64.821541,105.041917,16.268296,63.56317,113.691266,18.603659,62.362057,108.224431,21.078981,11.000000
22.063094,3.866145,13.996755,11.417583,3.43373,2.406652,62.526573,106.291275,16.222161,59.240649,117.248568,18.291777,58.423518,111.430088,20.641721,11.000000
27.897389,5.921476,14.46164,12.650818,2.932133,2.410416,43.749,123.142985,17.041684,82.399944,95.406754,22.946832,94.429464,83.766778,23.155158,11.000000
28.280846,5.692165,12.845785,12.648588,2.923718,2.091109,44.955906,122.353902,16.915011,83.397104,94.457346,22.151523,98.057251,79.98036,22.487088,11.000000
28.370701,5.516111,14.079388,12.69716,2.839358,2.238029,45.374147,122.033432,17.403446,84.23116,93.722346,23.303239,95.396368,82.511343,23.14287,11.000000
27.27903,3.906101,14.201686,11.481103,3.690933,2.021622,48.51524,117.791529,13.243557,49.175421,125.051153,15.498525,52.235375,116.513993,15.647013,11.000000
26.036325,3.489811,14.117268,10.911151,3.944705,2.162577,47.570443,118.937798,13.342601,51.437496,122.941666,15.883341,53.252725,116.011801,15.930593,11.000000
28.667752,3.936496,16.139589,11.330076,3.662384,2.011742,47.163926,119.947388,13.482125,50.610645,124.087494,16.150156,51.174499,118.247939,16.334046,11.000000
26.355136,6.943983,14.865664,5.358875,1.374616,1.657111,60.931302,104.888676,12.916961,70.633848,103.618296,16.601075,61.552793,109.30636,17.607895,11.000000
27.464891,6.5631,16.470973,5.219056,1.49352,1.618739,62.466275,103.776524,13.322371,73.789623,101.065769,16.640379,64.727806,106.312463,18.012348,11.000000
31.941895,9.853539,15.520444,8.46241,3.071006,3.866604,52.706995,110.378139,13.572638,73.756374,100.769621,20.849433,63.080927,114.034058,20.003416,11.000000
31.791907,9.654149,14.740508,8.473058,3.270323,3.673164,51.58143,111.831467,13.462296,72.758931,102.033722,20.508911,62.914511,114.355816,19.841746,11.000000

39.945103,39.932645,9.406936,21.410368,136.142929,16.272028,10.128753,143.362949,18.465564,13.163531,142.792813,17.514137,55.098056,123.569043,13.63125,12.000000
41.959785,39.920024,11.960986,21.593899,136.583297,15.762664,10.545445,145.785462,17.21423,11.978365,145.695782,16.032311,56.414822,121.517401,13.207478,12.000000
44.877931,40.254709,7.62059,18.552771,129.189873,20.55953,13.314645,136.355023,22.16762,20.91447,137.922293,19.601017,72.87047,106.064339,17.90129,12.000000
44.222873,43.70454,4.729775,22.233091,132.606178,15.35445,11.691456,143.297915,17.735653,14.403199,145.518707,17.688556,59.787428,122.084959,19.80706,12.000000
45.238907,43.813711,7.079443,21.123077,132.93448,15.933386,12.043262,143.333142,18.276958,17.488925,144.703631,18.508588,67.403119,113.951272,19.930773,12.000000
46.479458,47.6151,5.88837,27.599518,137.366384,10.46966,14.554484,145.948772,11.849492,12.095274,152.637839,9.203234,53.460477,122.795955,9.406179,12.000000
28.806243,39.263854,15.260457,31.250608,139.415452,16.919976,25.209823,145.17036,19.429974,22.352362,154.30718,17.65968,30.60464,145.733891,16.985071,12.000000
41.964516,37.312268,2.85757,17.513326,142.663275,9.444963,16.250327,147.959836,10.773878,15.385554,153.785866,11.327917,45.721663,128.295946,11.615011,12.000000
41.381989,39.626004,2.63146,17.393061,143.228461,8.855865,16.26739,148.054802,10.477682,14.799544,154.526264,10.672867,44.241699,129.694081,10.721977,12.000000


42.020161,31.389747,11.002179,20.616634,139.541954,16.868602,19.786974,143.085997,21.65883,53.126388,125.494572,18.409633,96.499622,96.163313,57.287407,13.000000
39.694691,33.663936,6.367051,21.798027,142.168892,12.571671,17.200847,147.048036,19.244839,40.64015,137.139287,16.576655,78.832834,109.613169,39.216698,13.000000
38.444424,34.103745,6.580571,21.626153,141.130138,13.354178,16.989623,146.229018,19.679274,41.323006,136.034997,17.253944,78.095513,110.950547,38.211319,13.000000
39.185169,35.590266,6.438164,22.751133,138.60611,11.498319,16.323053,147.45487,17.62412,34.469715,142.697555,14.838098,74.108412,114.659178,33.534276,13.000000
38.694806,36.333782,5.002129,23.869973,137.850635,12.462972,18.123801,146.110495,19.78498,38.018273,140.648973,16.346686,79.822193,110.261956,37.463448,13.000000
38.648141,34.436685,12.126559,26.669736,133.317304,13.644178,23.988772,140.581696,19.864245,59.397253,118.823531,20.188904,93.888562,95.276778,46.095752,13.000000
34.970366,32.13923,13.407589,25.365274,135.814601,14.224438,23.499375,142.415058,19.066458,54.865511,123.477268,16.506713,77.98408,108.997335,30.036249,13.000000
40.722227,34.238855,8.55114,29.395395,124.542626,15.317281,22.941152,136.166441,18.893174,49.693522,127.037273,10.812744,96.85081,89.059309,13.377614,13.000000
36.493604,32.529844,6.542681,39.94535,108.193988,16.730856,36.335683,123.287818,17.579571,54.912667,122.944226,13.915957,69.576928,120.273117,21.080048,13.000000
36.787646,32.430261,8.788226,38.060631,109.973528,15.927768,34.260778,125.654321,16.466689,51.786161,125.163867,13.71408,70.065551,119.759237,23.530614,13.000000
35.611672,37.024858,13.357447,49.13565,104.472469,12.005288,45.267262,114.713871,14.304663,105.145312,68.17998,9.255672,137.68607,42.274678,10.039741,13.000000
37.979136,36.144668,12.366902,50.991571,101.737734,12.122763,46.042142,112.863553,14.477108,107.090025,65.526823,9.211376,138.780829,40.135341,10.56018,13.000000
37.450284,33.423095,12.493946,34.048195,120.059974,12.653627,27.618348,131.838947,15.566673,89.306512,85.689852,9.671405,127.148236,55.622437,14.792341,13.000000
36.726145,33.553409,12.106572,34.318794,119.861957,12.522866,26.969484,132.818481,15.357848,88.210027,86.518096,9.642287,125.826467,56.393781,14.32383,13.000000

13.915828,13.64111,24.162564,31.904554,77.419347,32.822153,27.391285,89.992004,32.280243,19.234364,92.136642,35.586445,15.733672,60.774742,43.566205,14.000000
19.794153,13.670963,37.386618,31.498815,79.035085,34.368965,33.341121,83.712183,30.330493,34.320382,84.669734,29.864112,42.096903,58.214487,34.904364,14.000000
20.322122,13.592484,38.056429,31.774334,77.190827,32.401494,33.794415,81.261854,29.203201,34.333853,84.392731,28.535416,42.247384,60.28995,33.234333,14.000000
18.482025,9.701787,39.52091,28.919495,84.982096,35.448276,29.9939,93.12933,33.335467,26.43893,93.578854,30.991912,19.153343,37.80796,26.68211,14.000000
19.110507,10.011959,37.949021,27.174697,85.84306,33.235373,30.596916,94.990951,31.479146,26.743114,95.641337,30.660351,18.139935,39.253517,27.135966,14.000000
18.036034,13.767435,32.557485,42.690967,68.161482,26.070548,47.838349,73.678398,27.823633,47.287244,74.036213,29.298198,47.334312,59.971767,30.488827,14.000000
21.878048,8.235178,46.809429,38.620143,85.06598,33.743587,45.215901,90.154979,30.078301,40.002143,92.655729,27.215927,49.159296,63.521718,24.674173,14.000000
18.313771,13.294586,36.7717,34.04723,74.755672,35.219568,35.608664,81.628455,32.24577,35.61737,82.982079,32.572972,36.43717,65.784992,38.221796,14.000000

29.441824,7.115897,7.388216,63.673607,4.041839,8.823816,97.807829,14.701361,9.934925,111.51226,74.954117,33.716651,108.530728,70.684396,45.550483,15.000000
29.149445,7.021201,7.431823,61.915578,3.19967,8.89817,98.873315,13.657596,11.067893,112.584024,74.006374,33.191166,109.770673,69.188831,44.39357,15.000000
36.137777,9.581668,4.725775,67.781568,7.449893,5.620869,101.961567,35.337745,11.2965,110.993391,61.550509,32.398794,103.895918,62.196184,42.894572,15.000000
34.455256,9.516637,5.641412,66.831874,6.969057,6.726703,101.969165,35.61379,11.190066,111.487183,60.707016,32.205308,103.778115,61.555474,41.817328,15.000000
11.314007,4.661805,7.52308,60.648287,3.954414,6.463825,98.540414,13.385287,10.459256,108.372713,61.483629,40.732893,99.928224,56.414339,52.769068,15.000000
13.32597,5.691356,6.727142,61.698497,2.560204,6.014197,100.309281,13.753797,7.36564,112.124575,56.00047,35.576356,103.95436,53.357373,45.602378,15.000000
19.093725,18.76352,10.765672,54.611956,5.789676,7.193308,90.027506,12.92092,2.558625,96.216013,70.55121,38.881932,79.899206,49.752138,34.53442,15.000000
18.413843,20.304949,10.78438,54.460319,5.8295,8.004137,89.86465,12.298021,2.501569,97.102257,72.43559,38.506552,80.432844,54.177131,39.034664,15.000000
13.444781,20.490357,10.07677,62.574018,9.069877,10.785731,96.201887,10.047605,2.112443,106.882935,74.600015,33.830984,94.332207,56.806485,35.005198,15.000000
14.789853,15.641643,5.364753,60.233942,5.499714,6.132138,93.257172,18.54718,10.195836,101.627432,98.326143,55.508299,87.110698,102.838158,55.226884,15.000000
20.534137,7.747493,5.443624,70.739639,0.666497,3.635812,106.57294,36.462458,7.522698,116.860497,64.993607,25.869692,111.707922,61.787462,43.698554,15.000000
27.218678,10.156029,7.079479,69.611761,2.095253,2.913098,105.683412,38.345612,10.134581,116.342687,61.554109,19.697602,109.285897,56.633329,27.263399,15.000000
14.26031,5.91004,7.809104,85.798265,4.120426,6.62626,114.376556,71.411524,42.318386,116.616039,80.545522,46.678395,109.256556,79.012811,56.283961,15.000000

14.347124,19.237391,5.528593,58.114106,29.048336,9.727073,108.901191,74.262163,66.033921,116.322662,85.140628,67.27602,114.798776,75.437016,69.351965,16.000000
14.78348,18.511648,7.267357,59.834196,24.33695,8.998965,107.815918,73.965231,66.280864,114.681461,84.827867,68.015944,112.933492,75.067921,71.167609,16.000000
15.583843,20.401523,8.601492,54.213945,30.473434,13.484267,101.390361,67.403128,49.319825,114.273549,74.624525,62.828661,116.787005,65.531622,67.995475,16.000000
15.926185,20.109511,8.934475,55.388359,29.532093,13.041024,102.165091,66.148693,47.075398,114.989174,73.582662,60.45715,117.313726,65.821339,68.211193,16.000000
15.866001,22.500953,7.948313,47.40158,25.190873,13.926767,97.058647,71.577606,45.163117,114.613268,77.245832,65.522719,119.196734,69.550161,72.67538,16.000000
16.444478,21.666566,7.870572,46.379974,27.394269,14.752367,97.555727,71.513459,47.108246,115.072576,76.166014,66.57972,119.318221,67.877856,72.479362,16.000000
18.672844,14.564524,10.21555,47.349673,27.459859,13.557091,100.962535,64.521988,52.710184,114.608078,75.852791,66.161442,116.10727,65.203745,67.830176,16.000000
18.222781,18.106177,13.556078,47.149446,23.691864,9.087687,98.570477,73.721792,56.941277,112.189645,82.104637,62.785452,112.015128,72.574557,66.440005,16.000000
16.254371,16.896952,10.04753,46.575309,22.033311,11.231428,99.184005,73.230537,59.642732,113.089955,83.246963,67.463873,113.583034,74.521948,70.123238,16.000000
18.104507,15.158102,9.578968,40.506115,32.047931,15.373696,103.463071,70.035465,59.181714,121.419417,76.312603,76.642169,126.424884,64.947707,83.110483,16.000000
17.005917,16.558583,13.125774,57.088584,14.556422,7.991523,98.444964,63.398004,52.174764,108.550362,74.592374,65.149987,110.858187,67.494565,76.108207,16.000000
16.44429,15.803478,13.783405,53.193129,26.854105,11.168868,98.085905,69.971559,50.667506,111.640486,79.455485,61.323959,114.886687,69.288119,70.262825,16.000000
16.448766,15.260134,10.731467,54.56273,23.785782,10.864107,98.733209,67.792623,46.421549,112.385389,76.400947,57.441761,115.5603,67.579909,66.982631,16.000000
17.875543,11.519264,13.069066,50.889092,25.979768,11.842655,102.737046,68.95064,63.153561,115.082983,80.578641,69.545558,116.022299,70.128734,72.838326,16.000000
20.120442,14.001672,7.405767,49.961182,26.824716,12.53748,98.739205,72.38016,59.954991,110.775959,84.123895,62.44914,109.997626,75.085682,66.739876,16.000000
19.790644,12.143038,11.268676,50.509324,16.282618,10.329655,99.981309,67.992466,52.117743,113.726816,78.714537,62.857174,114.855678,71.454039,72.550685,16.000000
18.898019,10.803512,15.368726,50.742884,15.092802,10.422171,100.415278,66.340914,50.404759,113.360047,78.070732,60.631454,114.791712,73.008793,71.432817,16.000000
19.790479,16.350059,8.2009,51.679612,20.749753,8.679577,93.44132,67.75457,54.922801,105.891895,76.545006,60.138252,105.940017,73.107637,64.474018,16.000000

40.965588,31.265978,14.282069,21.48386,7.809823,3.795226,19.984941,30.247301,20.100587,44.58545,127.015332,14.394732,60.836053,116.894463,14.33712,17.000000
41.03776,31.885588,12.611575,21.439779,7.043502,3.82435,18.153444,23.416005,17.602124,42.35199,128.350576,13.791839,58.922444,116.927828,13.316364,17.000000
39.437151,29.277819,6.883434,22.475598,2.972697,5.873204,27.584003,132.472947,26.559832,40.721612,138.014654,30.715225,58.785403,124.533145,40.585951,17.000000
41.291297,30.74694,8.378653,22.028142,3.472193,7.311756,32.387456,136.31263,26.935917,41.132067,138.940277,33.503613,62.019318,122.14471,45.093427,17.000000
36.872827,28.029763,8.962259,23.737121,8.652638,5.712492,14.494815,11.595881,18.007122,38.508951,137.248279,21.290831,61.00522,123.906481,29.07938,17.000000
35.852679,24.709097,9.134952,21.831193,5.603357,6.94564,12.909804,12.939446,14.164183,42.279033,130.602837,23.161366,72.056966,110.669948,33.085207,17.000000
35.013397,25.849125,8.914976,21.999397,5.015934,7.374558,13.003663,12.09202,15.618237,43.044552,130.40403,24.501467,73.004257,110.666034,35.299848,17.000000
32.326128,25.900494,10.252908,20.1927,5.226023,5.083962,10.298982,13.868029,10.445605,31.815829,137.65412,19.758605,65.61811,113.647057,35.017372,17.000000
32.741155,25.609878,9.395068,19.976892,4.795792,5.232472,9.827217,13.524785,10.218558,31.570224,137.695495,19.739433,64.177326,115.106954,34.565859,17.000000
39.225822,30.542033,19.831675,22.042135,4.636204,4.673443,9.379301,7.059677,9.629561,27.274828,140.838575,13.882822,68.651271,104.139727,19.829068,17.000000
37.748645,30.947157,9.729669,25.055925,8.1276,5.318261,14.667471,4.335311,12.919169,48.507803,122.722912,14.238814,55.022222,121.59068,13.242002,17.000000
35.039678,33.300436,10.106635,23.033202,6.337733,6.373169,15.956304,4.649411,15.917684,61.65024,106.876549,15.908533,66.800639,109.605813,17.001079,17.000000
38.311732,33.881022,3.407855,25.702356,5.424982,6.349484,10.335823,1.325946,12.393662,36.639674,135.375299,16.378932,45.99493,127.706235,15.453273,17.000000
38.780918,6.359809,20.131047,23.655538,4.401635,4.190105,11.866471,10.456664,11.601165,39.235155,129.783774,16.32287,76.549151,93.714266,15.606495,17.000000
34.869907,6.959346,22.986544,24.164575,4.081978,4.192743,10.847481,7.054176,10.863914,37.010498,131.490423,16.11391,65.436868,105.268118,14.064901,17.000000
36.91604,4.241304,11.432428,27.678759,3.417709,5.461201,12.518077,7.093743,10.599265,37.146378,132.64757,15.45884,54.353843,117.078084,11.933331,17.000000

40.013026,42.856399,72.911087,44.073118,132.675621,5.029635,42.180461,137.269717,79.262991,46.800744,136.684972,82.269534,25.205466,159.878275,42.544722,18.000000
43.526392,44.096402,75.271418,40.015232,133.473524,3.286831,37.288628,139.201779,71.712748,42.382377,138.935596,76.653617,27.396885,157.085419,43.185637,18.000000
43.210384,37.830794,72.477148,37.209282,136.773388,5.969373,35.577537,141.082048,37.297808,33.538838,150.020743,44.329606,31.337336,154.201109,31.188997,18.000000
41.541149,37.328869,66.786645,38.097626,136.652376,4.558659,36.27748,141.589756,39.22992,33.702505,150.892393,45.125453,29.664591,155.572428,29.482278,18.000000
41.554053,41.951469,82.653475,39.111319,134.464976,6.654562,39.235821,138.878943,84.596533,45.371268,138.457205,80.661721,28.67362,158.862584,49.774014,18.000000
36.705033,40.609987,70.141637,36.451031,137.76273,10.350068,38.863429,139.759279,64.325774,40.020243,145.560053,62.529565,28.163179,158.33486,37.540481,18.000000
34.834559,37.879216,70.19356,33.906346,140.856435,11.109133,34.437268,144.353237,48.204836,32.278272,153.132145,46.565199,31.663678,154.141402,35.785168,18.000000
43.093515,38.599359,64.281857,40.729684,134.449912,14.037441,38.355293,140.16905,65.819517,38.350655,147.092749,56.71043,32.320539,154.108125,37.008152,18.000000
37.472331,38.366075,67.640004,41.622879,134.657907,10.785293,40.556474,138.95642,56.902496,38.573335,148.493051,55.561378,31.008252,156.855919,37.024334,18.000000
44.936712,43.040495,74.31844,40.153891,136.975393,6.211667,36.136408,143.489806,81.358791,40.154282,144.23278,79.088256,25.73909,161.702476,48.492544,18.000000
33.346867,43.082939,83.684463,26.350515,152.414796,0.965984,26.999714,151.495312,23.960515,27.700519,156.93952,27.536048,25.585673,159.03496,19.370592,18.000000
38.482481,49.645558,79.19061,24.346628,155.27602,1.547461,20.737543,157.983321,16.238014,22.228641,161.329438,20.059499,22.714026,158.965225,15.861993,18.000000
45.104219,45.326088,74.657467,26.726125,154.915169,2.935692,24.658013,155.762584,23.886608,27.839101,157.209688,31.119919,27.811133,158.210163,24.443834,18.000000
34.219787,47.032568,65.124491,42.607029,129.552284,2.119172,37.240155,138.223676,30.89096,32.596689,149.105372,38.965723,24.956462,159.31561,23.391838,18.000000
37.809422,44.263289,76.075542,38.151176,137.445935,1.387632,34.912424,145.064337,34.452266,34.653133,149.147088,39.609658,19.198192,164.317533,21.807859,18.000000

31.682317,23.014779,1.60976,28.032517,128.802611,21.125327,38.028757,131.262108,15.342872,58.103465,121.817192,14.955183,61.526541,125.172462,14.560655,19.000000
31.649275,22.252565,1.527952,27.751758,128.048318,21.893348,37.452866,131.311824,15.261103,57.813475,121.565768,14.314371,62.22982,123.090301,13.241175,19.000000
29.068146,20.565336,1.563535,28.254964,128.41983,20.569847,42.703068,127.897464,13.564507,64.874819,115.666534,14.131807,70.363243,116.053581,14.168625,19.000000
34.598561,19.704183,1.514093,26.479653,129.215575,22.033556,42.106302,129.182993,13.776078,63.717646,116.458722,14.777159,69.603929,116.007445,14.644489,19.000000
28.779485,22.324219,10.80874,29.298504,124.937889,18.681866,79.369878,89.523729,11.526315,105.675184,73.940486,10.914035,101.936969,79.762216,8.993196,19.000000
31.66361,22.584339,3.04442,27.243302,127.838301,19.920262,46.808012,124.650146,14.339644,73.015536,108.285849,15.471728,87.199292,98.385651,16.263536,19.000000
40.036994,25.335095,7.792016,28.744832,125.187118,18.104572,77.860288,93.323045,11.974389,109.673299,72.269792,12.427606,115.043687,72.211155,15.85766,19.000000
38.868474,25.337011,6.974816,30.25866,123.499353,18.070132,82.062083,89.004758,11.733273,112.126886,69.877298,12.405913,114.312017,72.599282,15.947996,19.000000
34.378691,24.035145,8.116184,28.681173,129.298861,18.14248,58.365824,113.120517,12.390227,82.205038,99.610682,13.594682,78.12638,110.430127,16.910778,19.000000
34.513017,24.564838,5.616904,26.762994,132.277838,17.30794,50.967037,120.605906,12.145487,72.338364,109.606877,13.147856,72.290987,116.488029,17.264274,19.000000
32.21753,19.524704,4.367826,52.995297,108.114964,15.805742,105.879928,70.114794,10.829134,132.501581,50.131232,13.654122,136.699257,46.291562,16.042558,19.000000
33.895128,11.493707,10.853619,48.487225,126.19054,28.47972,56.925591,119.85183,29.53619,66.424843,98.625408,28.281639,68.469482,91.098796,15.037784,19.000000
36.234788,12.732765,11.485062,52.507768,117.443433,27.758329,60.887229,107.852821,29.78192,64.284749,92.191231,31.452794,61.557603,89.62923,10.835613,19.000000
35.062372,23.405311,10.091517,30.367774,122.098018,19.807696,103.440791,65.074545,11.426169,134.360162,45.560511,10.364179,141.987756,41.365876,12.089022,19.000000
54.899527,27.618422,8.714978,30.587065,145.842529,14.187389,33.753364,147.253656,92.624427,51.288784,135.149619,92.90745,55.557436,133.808139,66.304048,19.000000
55.94473,27.699744,10.170697,30.957641,146.420268,14.596189,33.750299,147.2576,94.631082,50.856911,135.358925,94.732344,54.238039,134.763891,66.573631,19.000000
62.261445,28.885684,6.472454,33.023618,143.85361,12.479377,34.219235,147.747286,52.088975,47.38229,137.276007,73.343718,48.60767,137.519761,55.32276,19.000000
47.379882,26.11946,7.176771,35.024621,128.726322,15.659664,73.92471,102.749369,76.225484,110.302256,75.621774,100.600034,129.505695,55.4263,103.009977,19.000000
48.781087,24.48416,9.303593,40.766773,126.727989,16.984184,79.332063,97.000863,85.076746,121.553108,63.875884,113.887983,144.249287,37.834773,134.453612,19.000000
56.416842,28.962471,8.555901,27.972462,143.457766,15.542501,35.113428,143.677291,49.6982,51.661246,132.722571,73.119755,59.957606,128.699947,66.966718,19.000000
40.445616,21.362009,6.228243,38.395849,126.698182,20.112778,79.746283,97.656788,72.679462,115.350217,71.075134,92.506461,132.876382,53.405342,100.421487,19.000000
42.236919,21.459772,5.853312,36.907742,128.539966,20.114688,76.597804,101.106321,68.10539,110.929162,75.910951,88.47515,128.186314,58.487252,94.751188,19.000000


32.383096,40.623166,21.415738,16.531254,5.573891,5.23677,6.623891,2.070957,7.666643,35.970062,129.83373,15.303757,51.920689,119.862669,12.681639,20.000000
33.203034,38.895147,21.62359,15.906082,4.807239,4.79076,5.868965,2.708701,8.001526,34.765085,130.219533,15.072188,46.659374,121.897035,12.251829,20.000000
37.849453,41.822291,9.307404,15.365205,4.449955,5.426482,7.84306,1.266317,8.914043,32.862268,132.639442,15.494193,37.21186,130.890448,12.265394,20.000000
35.271773,38.280822,7.087817,16.149508,5.120832,5.295208,5.977191,2.673052,7.260487,34.145558,128.638214,15.412743,46.906911,116.592021,12.196627,20.000000
35.571285,48.115441,14.202084,13.615857,3.242409,5.021784,6.158957,2.735553,7.888545,37.456714,126.890523,15.833607,39.827619,128.743892,10.592064,20.000000
36.162341,46.589271,14.032671,13.822922,3.294741,5.021125,6.092346,2.969877,7.851882,37.857023,126.946748,16.157953,40.043312,129.273672,10.721041,20.000000
35.642608,40.15372,7.72508,15.152923,3.723698,5.352482,6.631865,3.082546,8.126235,40.726339,121.337208,15.815492,57.728252,107.690708,11.815986,20.000000
35.062884,40.116831,9.206415,16.677325,4.047824,6.074647,11.255923,1.307602,9.000967,41.880587,122.506005,20.40646,49.015765,119.081313,17.557723,20.000000

32.426111,39.300792,14.911011,9.172537,2.241197,4.386772,7.83372,0.884778,8.787176,52.80235,113.256214,19.98083,79.916042,93.570687,19.061199,21.000000
33.756824,39.516806,16.987934,9.084935,2.498586,4.145154,7.209416,1.554597,8.807816,51.730621,113.445579,19.616671,77.326257,95.603768,18.816668,21.000000
34.437548,45.184263,3.900346,8.160048,3.019588,4.46498,8.113231,2.69141,8.637939,50.1176,112.732841,20.41674,61.210581,106.507113,16.658031,21.000000
33.071005,47.461256,12.571484,9.209879,2.087304,5.186828,12.003437,2.413655,8.760826,39.62476,123.292553,18.830666,39.939083,126.186507,13.629114,21.000000
35.019914,50.406228,15.862386,8.00525,1.839636,4.377039,9.541991,4.131877,7.61394,40.086506,125.852511,14.321907,46.552492,114.308787,11.608596,21.000000
38.074542,49.633199,12.025152,9.744157,2.468254,9.007765,15.291699,2.366198,12.008289,73.107095,86.734245,23.72598,89.806566,73.922577,18.658924,21.000000
39.940613,42.219677,12.447219,9.674062,1.859447,6.985416,11.813501,3.339617,9.877289,56.24188,104.261344,21.755405,69.021216,93.990431,17.791591,21.000000
40.027449,44.841384,8.043097,10.316022,2.542092,8.19432,11.912521,4.188841,10.704874,68.612527,91.463626,22.195997,77.958717,84.107843,17.776391,21.000000
40.967683,55.417445,4.84132,10.469442,2.310609,8.146132,12.906564,2.891135,11.25222,74.744974,84.258298,24.34648,84.889808,76.176018,19.047546,21.000000
43.684587,44.080866,3.080455,9.704303,2.836668,8.328628,11.392209,4.559636,10.859572,78.324264,81.850586,23.57012,84.274369,77.641481,18.728717,21.000000
28.295703,38.750797,40.818103,10.542175,2.553518,6.744065,12.791696,0.810526,8.489014,45.001081,111.808244,20.229965,39.743387,116.69687,14.972799,21.000000
29.516819,38.925743,42.379916,9.326596,2.538287,5.922134,12.059973,0.926773,7.44958,40.770289,114.581552,19.699091,40.939687,116.619327,16.581702,21.000000
28.12625,38.632157,42.611721,9.568106,3.884569,5.896415,11.868355,0.755216,7.824251,39.314615,118.418728,20.286638,40.493965,121.109376,17.783977,21.000000
38.190867,61.948804,21.574169,11.544253,0.29282,6.671362,18.165769,3.504298,9.077272,40.484198,125.275437,17.45052,33.137833,133.553442,12.73143,21.000000
37.200333,62.085431,20.430036,12.24488,0.894455,6.928443,18.449677,3.034152,9.246249,40.439936,125.243104,17.743524,36.214248,129.532541,13.491343,21.000000
39.047959,62.719035,19.93651,11.231569,1.203527,8.063307,18.277274,5.033759,10.436191,43.638779,121.461089,18.866188,49.060595,114.095799,15.043926,21.000000
39.475005,62.73478,20.243972,11.128129,1.087118,6.741261,18.577315,4.033099,9.857826,42.661402,120.756136,18.516631,41.673198,122.609366,14.576568,21.000000
39.306771,67.625216,19.181664,10.69154,0.939998,7.438054,19.523494,3.784422,10.388886,44.748421,119.176145,18.975171,37.98326,127.644783,14.216942,21.000000

33.655961,38.096751,4.334507,8.05382,3.209969,5.932766,14.329551,6.961795,7.651456,46.805234,117.553958,15.005,38.051272,125.346778,10.607195,21.000000
33.044995,38.761446,5.905013,7.854885,3.297608,5.515347,13.840313,6.767655,7.772167,45.380315,118.897887,14.973081,35.655412,127.828524,10.351175,21.000000
37.929989,36.248639,3.172596,9.142954,1.358225,5.265805,18.424481,4.569282,7.802859,44.537566,125.257005,15.379938,45.59882,121.768412,13.796432,21.000000
42.034081,34.239893,3.546215,9.439703,2.060491,6.110301,13.957078,3.896316,6.971525,28.030024,138.178663,13.042932,47.840453,113.159391,11.253963,21.000000
41.624737,33.01951,3.695881,9.766754,2.342411,5.347599,13.666373,4.969914,6.843601,29.07563,136.660291,13.421832,47.414776,113.858929,11.209967,21.000000
36.05302,32.817058,19.25775,9.091388,4.097314,4.954919,14.129618,1.614912,8.407158,34.492352,128.704612,18.219106,57.933087,100.746227,17.209085,21.000000



46.011809,56.46857,0.617732,2.711301,2.826153,2.996005,4.317599,7.201624,1.950923,11.913047,3.827229,8.85317,9.96981,153.699849,5.280754,22.000000
44.109268,49.675476,0.849514,1.531779,2.024089,3.091019,6.265054,6.952916,1.686126,17.888475,4.179666,6.300698,31.408983,121.836458,5.588611,22.000000
40.358263,51.630154,5.366366,0.574378,0.683887,2.941451,5.471211,5.321417,1.525692,17.212449,4.579081,6.712234,32.793785,120.278353,3.618015,22.000000
43.115464,50.58969,3.694918,1.778959,2.944344,3.046202,2.9226,7.413532,1.790824,13.66188,6.460359,5.718389,30.832892,122.430393,4.894583,22.000000
40.827693,51.773509,2.240295,0.733644,2.716758,2.681499,3.617964,7.002271,1.230835,14.604914,5.010357,5.562234,29.362426,122.303571,5.242551,22.000000
45.793632,63.911603,3.399429,0.851778,4.445779,3.75723,3.60837,6.078991,4.78794,15.932881,5.212663,8.214161,53.376194,90.804506,10.749258,22.000000
38.207041,59.054592,3.306256,5.393338,1.90805,5.215964,1.482517,9.038714,3.174938,13.241836,6.638599,6.683533,59.545585,89.938758,10.42165,22.000000
42.517946,57.293906,0.502306,0.180869,1.589943,2.605152,6.353334,5.678606,1.403289,18.312045,3.231062,7.002149,43.604289,112.057393,5.824718,22.000000
41.901659,58.044005,0.581339,1.758619,2.170112,2.344708,5.066485,6.574548,1.383965,16.46961,3.707179,7.999204,29.684351,126.655346,6.802254,22.000000

21.329618,8.626893,37.538113,18.609662,42.316059,47.498086,70.968422,103.033605,58.226931,93.553,93.60732,62.186256,102.51672,86.041489,63.946107,23.000000
21.130321,9.024335,39.037214,18.48247,42.219413,46.872584,72.708143,101.099785,59.053789,94.562575,92.73061,62.094013,102.85608,85.999925,64.200705,23.000000
22.097965,9.439263,41.748381,18.567905,40.522284,37.531266,80.720357,97.136234,62.489224,96.14213,94.28714,59.616077,99.876203,88.295631,56.574122,23.000000
22.335101,8.689658,29.831151,17.462802,53.156339,51.213739,76.96511,98.912051,58.6043,92.767911,95.552045,59.985686,95.674679,91.208871,60.417994,23.000000
22.511797,8.723022,29.424689,17.1824,52.301155,51.975314,77.051307,98.582891,58.578268,91.934881,95.572033,59.576875,94.745786,91.338534,59.087213,23.000000
15.153784,11.547461,46.826281,16.892083,35.410512,45.293974,77.529239,89.581636,36.786652,96.32204,85.564439,42.130086,104.222165,77.626605,48.919907,23.000000
25.564464,15.065386,19.620977,15.592421,45.836225,55.352556,79.310669,85.802017,39.550589,88.453174,87.695416,39.089189,84.340002,84.636423,38.442369,23.000000
23.219876,11.780476,39.916145,17.785932,48.951561,56.835324,91.078437,78.68984,49.36948,104.335632,80.131055,53.476994,104.623787,76.625253,52.538349,23.000000
22.803041,12.094176,39.579643,17.773827,49.527161,56.534225,90.783618,78.88241,50.068869,103.844445,80.611667,54.637061,103.738109,77.581817,52.537466,23.000000
34.643622,11.375182,14.454454,12.520117,56.146129,60.763605,91.784986,79.907835,65.157653,98.931283,83.222171,65.134429,93.853353,76.884429,59.412471,23.000000
30.48834,12.409364,16.769555,13.821223,54.406433,58.406042,93.341794,76.654703,60.214164,100.449021,79.691882,61.440496,95.689833,73.232104,56.852605,23.000000

30.204579,9.670049,6.322309,25.445488,147.42717,6.098488,52.620983,114.183753,7.773973,50.330166,120.87655,11.295803,12.076466,10.908579,11.202922,24.000000
24.785078,5.853153,6.215821,22.762436,144.228878,15.547225,44.212045,128.314272,32.808996,53.461342,126.348448,22.457311,7.565434,14.544043,7.905306,24.000000
24.99608,5.248365,5.161735,23.577607,142.949884,16.814498,47.034044,125.317438,42.750222,53.795087,125.620623,24.077148,7.706839,15.746636,8.624846,24.000000
22.038395,2.205353,12.159794,26.523393,138.329176,8.394368,35.760732,135.5227,112.16825,39.024099,140.166375,23.427305,8.04365,13.72797,7.946032,24.000000
21.166575,1.860262,12.342185,23.716327,142.2466,7.673679,32.788995,138.493483,114.966629,36.73783,142.543718,23.928859,8.173481,13.733098,7.670859,24.000000
42.349243,7.088821,42.925787,28.501613,142.088608,11.190469,50.375209,119.614094,14.828776,61.904783,112.132848,16.884831,14.622998,9.344546,9.669954,24.000000
29.071139,5.988603,19.864836,30.920437,129.621155,10.867065,48.218927,116.208311,12.778436,62.77488,104.321311,16.471714,12.047287,8.851324,7.56482,24.000000
29.543984,2.173916,37.175545,28.413612,139.671216,11.151841,40.60974,128.207266,14.608035,51.259043,120.135327,16.982453,12.050927,9.179246,9.202686,24.000000
31.556368,6.18246,4.763135,20.266925,148.619759,10.706335,40.553672,126.395615,14.320514,55.515071,113.907552,17.161906,8.743251,9.95022,8.981658,24.000000
22.339095,3.408299,16.005428,38.888275,124.698138,10.574954,59.276876,107.194546,13.041924,75.163108,95.431729,17.336545,17.72556,12.123754,8.276736,24.000000
28.985463,4.805817,7.530654,32.973783,132.613194,10.686272,53.2177,115.117054,13.474266,69.757062,101.328364,17.049314,13.824475,10.162721,9.024304,24.000000

24.212614,4.621643,8.099294,4.648554,3.300082,2.886891,1.899647,5.416029,1.971662,7.839163,4.39118,4.33506,21.095783,4.844327,7.90305,26.000000
24.361154,4.72596,9.812584,4.584612,3.374709,3.070312,1.953209,5.565287,2.195719,7.784412,4.655575,3.977144,20.266131,4.632725,7.378219,26.000000
31.221021,7.925225,12.532669,5.945073,4.557435,3.554879,2.539385,6.631463,1.324747,7.060412,5.038695,4.186984,25.571563,3.729532,9.248158,26.000000
26.011319,3.433567,12.13099,5.491439,3.361975,3.161508,1.508791,5.236661,1.543816,6.841157,4.164056,4.875891,23.650514,4.944089,8.862902,26.000000
33.22422,10.034567,9.711752,4.601038,4.682103,5.273208,2.425333,2.831483,5.214784,2.970574,1.806582,3.595953,5.027889,4.025315,6.203498,26.000000
33.67866,8.50489,10.719855,4.782588,4.584075,4.939634,3.073795,3.611665,4.885203,4.006998,3.01427,3.574491,7.098623,2.989453,6.913151,26.000000
31.202911,7.120285,8.769127,4.294031,4.398123,5.065457,3.645367,2.731428,4.68334,4.53902,0.705445,3.759818,7.882894,5.230693,7.256514,26.000000
27.169297,0.816306,9.090994,4.821959,2.912908,4.77408,1.95724,2.913824,5.24369,5.566156,1.096686,3.637943,10.016035,4.685965,7.318181,26.000000
30.794906,4.339991,8.198137,3.424378,3.010002,4.804187,2.123429,2.358104,5.781695,7.494672,1.005168,4.729123,8.61596,5.489162,8.646753,26.000000
26.807114,3.395829,13.085704,5.995854,4.401188,4.122948,1.240698,6.178258,2.631925,7.231513,5.785542,4.068385,27.127999,2.890958,9.413798,26.000000
16.672627,5.173744,19.237427,4.585323,3.270035,3.399511,1.612994,5.934597,3.00331,9.572704,6.250975,3.883697,34.268226,5.315965,7.176112,26.000000
17.084217,6.272743,19.582037,4.566606,3.380884,3.895072,1.323925,5.612475,3.123818,8.464789,5.929729,3.975531,33.186793,4.518507,7.823868,26.000000
17.949478,1.255725,9.796948,4.925372,3.69887,5.11242,1.618479,5.25226,3.660713,4.779649,1.954962,4.178299,10.88385,5.975205,6.173874,26.000000
23.365596,1.487702,23.884962,5.145866,3.214794,4.246472,0.374864,7.10554,3.191241,8.971213,5.58991,5.393742,17.944842,5.998836,10.035512,26.000000

20.643661,6.765682,12.386428,25.216613,11.602414,4.217223,27.532712,12.044111,8.346749,20.677163,10.148831,11.85902,12.285104,9.282689,12.397608,27.000000
24.674069,7.901602,11.599266,26.009081,11.89918,3.589426,28.916783,12.061244,7.412605,21.890808,8.736561,11.328033,12.311502,8.265842,12.786852,27.000000
36.696126,16.395043,20.158054,16.425292,10.746286,4.259301,6.09675,8.684816,1.284086,6.176681,0.841359,0.945014,16.013018,5.091848,0.305681,27.000000
18.167184,7.217638,8.387039,22.234855,9.107477,3.044266,18.885358,11.080009,4.536877,6.221155,9.965194,6.182735,14.761429,10.354019,4.831458,27.000000
31.80512,11.383563,13.804313,33.890716,6.138215,3.927601,30.201382,5.184713,5.661901,17.381005,5.067819,8.149933,17.206383,9.128259,5.881596,27.000000
33.918681,20.872796,3.408916,15.819638,9.361086,5.387218,5.28961,6.610057,2.656838,5.867085,0.913743,1.052232,14.304359,5.686115,1.155221,27.000000
34.308221,20.83186,2.923535,15.634248,9.624873,5.456563,5.580056,6.933358,2.888027,6.106424,0.944701,1.398616,14.145499,5.591821,1.301356,27.000000
37.836549,19.222194,15.686008,16.294239,8.440323,4.543576,6.193953,6.038396,2.433725,5.562946,1.060355,1.045339,13.655613,5.245919,0.499447,27.000000
37.923981,19.513226,15.611641,16.561578,8.294985,4.358385,6.433543,5.81419,2.336883,4.994846,0.996813,1.049395,13.022832,5.33758,0.507633,27.000000
37.262282,18.578826,12.261889,16.89669,10.155358,5.028123,6.74498,7.648224,2.637584,6.068259,0.894015,1.506958,13.277002,5.22692,0.810349,27.000000
36.688687,20.316678,8.942579,15.641725,8.564124,4.533223,5.759582,6.461499,2.863384,6.093929,0.617642,1.522222,12.345594,5.038529,1.388027,27.000000
34.678654,20.535759,12.217927,15.579271,7.717738,3.012382,5.528452,6.398665,1.228344,5.882458,0.849216,0.689547,12.275011,4.835863,1.052988,27.000000
35.95942,20.606654,12.412668,15.269889,7.972395,3.213761,5.218911,6.677125,1.176477,5.613337,1.06969,0.578294,12.573532,4.227159,0.924972,27.000000

34.331865,33.238142,17.562742,7.878187,2.790862,1.311505,48.704994,110.48822,10.442314,55.546799,113.046472,12.494427,12.452553,17.581679,11.206745,28.000000
33.018346,31.904473,21.703981,6.120526,3.087631,1.662921,39.643089,124.918147,10.710628,47.437232,124.689626,11.563597,18.442763,13.904089,11.539692,28.000000
31.90305,29.685507,21.536583,7.103319,2.678966,1.253481,41.705976,120.702658,10.582373,49.957528,121.362619,11.584471,14.282494,15.298359,10.948715,28.000000
30.991271,33.615376,17.290374,11.54235,4.310548,0.496449,41.406896,121.478328,11.071598,49.122346,121.010017,13.158547,16.924708,16.589239,13.048636,28.000000
37.286356,35.364103,19.737684,9.893759,2.62643,2.203177,41.075907,122.481475,11.411142,48.863222,122.615145,12.490142,14.275104,14.876903,11.439939,28.000000
37.624559,35.606624,18.056659,10.21411,2.757608,2.261842,40.51994,123.847514,11.407878,48.532567,123.483879,12.540907,13.79141,14.802012,11.103241,28.000000
33.280932,31.497381,6.172017,8.185896,3.447385,2.560237,35.421475,130.511238,12.540619,49.133098,123.300293,14.169434,18.02234,14.792376,13.304135,28.000000
28.639717,22.114593,12.419815,6.306649,4.259399,2.776385,31.395553,134.303143,12.534324,47.316675,126.639698,13.862356,15.033218,15.53533,10.393388,28.000000
30.242325,22.548818,12.529608,6.630692,4.846155,3.524662,31.326602,136.327784,13.785267,46.711949,128.515787,14.481723,14.829467,16.11093,10.950811,28.000000
35.695828,14.760043,33.907897,15.817475,7.559145,4.167325,59.407997,101.741166,14.845065,77.654916,92.855079,18.89241,8.033473,17.595021,9.670265,28.000000

12.760237,19.463158,22.461604,4.587019,2.695768,4.499365,19.291693,5.218707,7.810656,96.703641,73.624925,13.361595,97.17448,69.904628,11.402865,29.000000
12.830817,19.804809,23.095765,4.813698,2.631978,4.541735,19.282556,4.9822,8.000299,97.761382,72.907146,13.687756,100.396015,66.888814,11.53429,29.000000
12.77839,20.057394,23.264247,4.465742,2.726092,4.398242,19.456723,4.894946,8.015561,98.177011,72.867046,13.755858,100.3582,67.180104,11.925498,29.000000
18.894871,12.7612,15.596836,6.274799,3.731475,3.991478,16.453879,5.330986,9.000977,98.33082,72.286059,15.406217,113.736079,53.404912,14.985017,29.000000
19.616016,13.770617,18.65684,5.991918,3.685533,3.596642,16.434284,5.483791,8.231065,95.601913,75.149317,14.41614,112.003884,55.750141,13.15522,29.000000
23.896808,10.327963,28.929113,6.210234,3.604641,3.134139,17.853553,4.411255,7.630134,91.600442,81.010622,13.957298,107.004484,60.635767,11.95706,29.000000
24.372274,10.05403,31.825876,6.586819,3.910505,3.026729,17.773137,4.243016,7.678299,89.545956,81.940775,14.104101,108.064146,59.422135,11.591957,29.000000
22.805127,11.110654,22.665062,7.563799,3.118929,3.973203,13.756552,4.826345,8.34852,79.062666,89.014037,15.113236,83.421979,85.201404,12.743924,29.000000
22.126566,11.507163,24.065146,7.797018,3.297796,3.854891,14.472308,4.571788,8.299409,82.324181,86.390466,15.037942,89.46518,79.266466,13.122237,29.000000
28.534869,8.560909,12.548711,8.134666,2.663971,4.754809,15.143803,3.261586,8.03425,66.48811,97.920167,15.694358,64.445053,99.379427,11.945861,29.000000
28.428798,8.499962,12.545957,8.136793,2.705868,4.697325,15.579911,3.058701,8.01108,67.740505,97.113606,15.645303,65.082946,99.245088,11.860897,29.000000
27.337419,8.44157,12.602949,7.887948,2.652019,4.480607,15.426306,2.840465,7.795129,69.449212,95.634,15.29311,67.075051,98.016932,11.35351,29.000000
